run_id,train_frac,grok_step,last_step,max_val_acc
20260206_070842,0.300000,3994800,5000000,0.993624
20260204_195624,0.400000,,800000,0.030641
20260204_210441,0.400000,,1200000,0.517180
20260204_213656,0.400000,1316000,1500000,0.989373
20260204_220328,0.400000,1316000,1700000,0.995041
20260204_073524,0.500000,426600,650000,0.997662
20260204_090807,0.600000,164400,250000,0.990436
20260204_083816,0.700000,44200,100000,0.996812
